[
{
  "model": "protocols.protocol",
  "pk": 1,
  "fields": {
    "unique_id": "635be0c0",
    "name": "Protocol 1",
    "description": "Description for protocol 1",
    "label": "standard",
    "datetime_created": "2016-12-12T19:30:44.883Z",
    "assets": [],
    "sources": []
  }
},
{
  "model": "protocols.protocol",
  "pk": 2,
  "fields": {
    "unique_id": "27652248",
    "name": "Protocol 2",
    "description": "Description for protocol 2",
    "label": "standard",
    "datetime_created": "2016-12-12T19:30:45.164Z",
    "assets": [],
    "sources": []
  }
},
{
  "model": "protocols.protocol",
  "pk": 3,
  "fields": {
    "unique_id": "3e39fed1",
    "name": "Protocol 3",
    "description": "Description for protocol 3",
    "label": "modified",
    "datetime_created": "2016-12-12T19:30:45.417Z",
    "assets": [],
    "sources": []
  }
},
{
  "model": "protocols.protocol",
  "pk": 4,
  "fields": {
    "unique_id": "dc46dec0",
    "name": "Protocol 4",
    "description": "Description for protocol 4",
    "label": "modified",
    "datetime_created": "2016-12-12T19:30:45.628Z",
    "assets": [],
    "sources": []
  }
},
{
  "model": "protocols.protocol",
  "pk": 5,
  "fields": {
    "unique_id": "04aebe2c",
    "name": "Protocol 5",
    "description": "Description for protocol 5",
    "label": "standard",
    "datetime_created": "2016-12-12T19:30:45.884Z",
    "assets": [],
    "sources": []
  }
},
{
  "model": "protocols.protocol",
  "pk": 6,
  "fields": {
    "unique_id": "fba17387",
    "name": "Protocol 6",
    "description": "Description for protocol 6",
    "label": "standard",
    "datetime_created": "2016-12-12T19:30:46.146Z",
    "assets": [],
    "sources": []
  }
},
{
  "model": "protocols.protocol",
  "pk": 7,
  "fields": {
    "unique_id": "55980c82",
    "name": "Protocol 7",
    "description": "Description for protocol 7",
    "label": "standard",
    "datetime_created": "2016-12-12T19:30:46.374Z",
    "assets": [],
    "sources": []
  }
},
{
  "model": "protocols.protocol",
  "pk": 8,
  "fields": {
    "unique_id": "8f4a328c",
    "name": "Protocol 8",
    "description": "Description for protocol 8",
    "label": "standard",
    "datetime_created": "2016-12-12T19:30:46.651Z",
    "assets": [],
    "sources": []
  }
},
{
  "model": "protocols.protocol",
  "pk": 9,
  "fields": {
    "unique_id": "8efed357",
    "name": "Protocol 9",
    "description": "Description for protocol 9",
    "label": "modified",
    "datetime_created": "2016-12-12T19:30:46.962Z",
    "assets": [],
    "sources": []
  }
},
{
  "model": "protocols.protocol",
  "pk": 10,
  "fields": {
    "unique_id": "52944cc7",
    "name": "Protocol 10",
    "description": "Description for protocol 10",
    "label": "standard",
    "datetime_created": "2016-12-12T19:30:47.213Z",
    "assets": [],
    "sources": []
  }
},
{
  "model": "protocols.procedure",
  "pk": 811,
  "fields": {
    "protocol": 1,
    "datetime_last_modified": "2016-12-12T19:30:44.899Z",
    "last_modified_by": 3
  }
},
{
  "model": "protocols.procedure",
  "pk": 812,
  "fields": {
    "protocol": 2,
    "datetime_last_modified": "2016-12-12T19:30:45.173Z",
    "last_modified_by": 4
  }
},
{
  "model": "protocols.procedure",
  "pk": 813,
  "fields": {
    "protocol": 3,
    "datetime_last_modified": "2016-12-12T19:30:45.443Z",
    "last_modified_by": 2
  }
},
{
  "model": "protocols.procedure",
  "pk": 814,
  "fields": {
    "protocol": 4,
    "datetime_last_modified": "2016-12-12T19:30:45.641Z",
    "last_modified_by": 4
  }
},
{
  "model": "protocols.procedure",
  "pk": 815,
  "fields": {
    "protocol": 5,
    "datetime_last_modified": "2016-12-12T19:30:45.907Z",
    "last_modified_by": 4
  }
},
{
  "model": "protocols.procedure",
  "pk": 816,
  "fields": {
    "protocol": 6,
    "datetime_last_modified": "2016-12-12T19:30:46.158Z",
    "last_modified_by": 2
  }
},
{
  "model": "protocols.procedure",
  "pk": 817,
  "fields": {
    "protocol": 7,
    "datetime_last_modified": "2016-12-12T19:30:46.395Z",
    "last_modified_by": 4
  }
},
{
  "model": "protocols.procedure",
  "pk": 818,
  "fields": {
    "protocol": 8,
    "datetime_last_modified": "2016-12-12T19:30:46.669Z",
    "last_modified_by": 2
  }
},
{
  "model": "protocols.procedure",
  "pk": 819,
  "fields": {
    "protocol": 9,
    "datetime_last_modified": "2016-12-12T19:30:46.988Z",
    "last_modified_by": 4
  }
},
{
  "model": "protocols.procedure",
  "pk": 820,
  "fields": {
    "protocol": 10,
    "datetime_last_modified": "2016-12-12T19:30:47.256Z",
    "last_modified_by": 2
  }
},
{
  "model": "protocols.step",
  "pk": 8101,
  "fields": {
    "text": "Step 0 for protocol 0",
    "procedure": 811,
    "order": 1
  }
},
{
  "model": "protocols.step",
  "pk": 8102,
  "fields": {
    "text": "Step 1 for protocol 0",
    "procedure": 811,
    "order": 2
  }
},
{
  "model": "protocols.step",
  "pk": 8103,
  "fields": {
    "text": "Step 2 for protocol 0",
    "procedure": 811,
    "order": 3
  }
},
{
  "model": "protocols.step",
  "pk": 8104,
  "fields": {
    "text": "Step 3 for protocol 0",
    "procedure": 811,
    "order": 4
  }
},
{
  "model": "protocols.step",
  "pk": 8105,
  "fields": {
    "text": "Step 4 for protocol 0",
    "procedure": 811,
    "order": 5
  }
},
{
  "model": "protocols.step",
  "pk": 8106,
  "fields": {
    "text": "Step 5 for protocol 0",
    "procedure": 811,
    "order": 6
  }
},
{
  "model": "protocols.step",
  "pk": 8107,
  "fields": {
    "text": "Step 6 for protocol 0",
    "procedure": 811,
    "order": 7
  }
},
{
  "model": "protocols.step",
  "pk": 8108,
  "fields": {
    "text": "Step 7 for protocol 0",
    "procedure": 811,
    "order": 8
  }
},
{
  "model": "protocols.step",
  "pk": 8109,
  "fields": {
    "text": "Step 8 for protocol 0",
    "procedure": 811,
    "order": 9
  }
},
{
  "model": "protocols.step",
  "pk": 8110,
  "fields": {
    "text": "Step 9 for protocol 0",
    "procedure": 811,
    "order": 10
  }
},
{
  "model": "protocols.step",
  "pk": 8111,
  "fields": {
    "text": "Step 0 for protocol 1",
    "procedure": 812,
    "order": 11
  }
},
{
  "model": "protocols.step",
  "pk": 8112,
  "fields": {
    "text": "Step 1 for protocol 1",
    "procedure": 812,
    "order": 12
  }
},
{
  "model": "protocols.step",
  "pk": 8113,
  "fields": {
    "text": "Step 2 for protocol 1",
    "procedure": 812,
    "order": 13
  }
},
{
  "model": "protocols.step",
  "pk": 8114,
  "fields": {
    "text": "Step 3 for protocol 1",
    "procedure": 812,
    "order": 14
  }
},
{
  "model": "protocols.step",
  "pk": 8115,
  "fields": {
    "text": "Step 4 for protocol 1",
    "procedure": 812,
    "order": 15
  }
},
{
  "model": "protocols.step",
  "pk": 8116,
  "fields": {
    "text": "Step 5 for protocol 1",
    "procedure": 812,
    "order": 16
  }
},
{
  "model": "protocols.step",
  "pk": 8117,
  "fields": {
    "text": "Step 6 for protocol 1",
    "procedure": 812,
    "order": 17
  }
},
{
  "model": "protocols.step",
  "pk": 8118,
  "fields": {
    "text": "Step 7 for protocol 1",
    "procedure": 812,
    "order": 18
  }
},
{
  "model": "protocols.step",
  "pk": 8119,
  "fields": {
    "text": "Step 8 for protocol 1",
    "procedure": 812,
    "order": 19
  }
},
{
  "model": "protocols.step",
  "pk": 8120,
  "fields": {
    "text": "Step 9 for protocol 1",
    "procedure": 812,
    "order": 20
  }
},
{
  "model": "protocols.step",
  "pk": 8121,
  "fields": {
    "text": "Step 0 for protocol 2",
    "procedure": 813,
    "order": 21
  }
},
{
  "model": "protocols.step",
  "pk": 8122,
  "fields": {
    "text": "Step 1 for protocol 2",
    "procedure": 813,
    "order": 22
  }
},
{
  "model": "protocols.step",
  "pk": 8123,
  "fields": {
    "text": "Step 2 for protocol 2",
    "procedure": 813,
    "order": 23
  }
},
{
  "model": "protocols.step",
  "pk": 8124,
  "fields": {
    "text": "Step 3 for protocol 2",
    "procedure": 813,
    "order": 24
  }
},
{
  "model": "protocols.step",
  "pk": 8125,
  "fields": {
    "text": "Step 4 for protocol 2",
    "procedure": 813,
    "order": 25
  }
},
{
  "model": "protocols.step",
  "pk": 8126,
  "fields": {
    "text": "Step 5 for protocol 2",
    "procedure": 813,
    "order": 26
  }
},
{
  "model": "protocols.step",
  "pk": 8127,
  "fields": {
    "text": "Step 6 for protocol 2",
    "procedure": 813,
    "order": 27
  }
},
{
  "model": "protocols.step",
  "pk": 8128,
  "fields": {
    "text": "Step 7 for protocol 2",
    "procedure": 813,
    "order": 28
  }
},
{
  "model": "protocols.step",
  "pk": 8129,
  "fields": {
    "text": "Step 8 for protocol 2",
    "procedure": 813,
    "order": 29
  }
},
{
  "model": "protocols.step",
  "pk": 8130,
  "fields": {
    "text": "Step 9 for protocol 2",
    "procedure": 813,
    "order": 30
  }
},
{
  "model": "protocols.step",
  "pk": 8131,
  "fields": {
    "text": "Step 0 for protocol 3",
    "procedure": 814,
    "order": 31
  }
},
{
  "model": "protocols.step",
  "pk": 8132,
  "fields": {
    "text": "Step 1 for protocol 3",
    "procedure": 814,
    "order": 32
  }
},
{
  "model": "protocols.step",
  "pk": 8133,
  "fields": {
    "text": "Step 2 for protocol 3",
    "procedure": 814,
    "order": 33
  }
},
{
  "model": "protocols.step",
  "pk": 8134,
  "fields": {
    "text": "Step 3 for protocol 3",
    "procedure": 814,
    "order": 34
  }
},
{
  "model": "protocols.step",
  "pk": 8135,
  "fields": {
    "text": "Step 4 for protocol 3",
    "procedure": 814,
    "order": 35
  }
},
{
  "model": "protocols.step",
  "pk": 8136,
  "fields": {
    "text": "Step 5 for protocol 3",
    "procedure": 814,
    "order": 36
  }
},
{
  "model": "protocols.step",
  "pk": 8137,
  "fields": {
    "text": "Step 6 for protocol 3",
    "procedure": 814,
    "order": 37
  }
},
{
  "model": "protocols.step",
  "pk": 8138,
  "fields": {
    "text": "Step 7 for protocol 3",
    "procedure": 814,
    "order": 38
  }
},
{
  "model": "protocols.step",
  "pk": 8139,
  "fields": {
    "text": "Step 8 for protocol 3",
    "procedure": 814,
    "order": 39
  }
},
{
  "model": "protocols.step",
  "pk": 8140,
  "fields": {
    "text": "Step 9 for protocol 3",
    "procedure": 814,
    "order": 40
  }
},
{
  "model": "protocols.step",
  "pk": 8141,
  "fields": {
    "text": "Step 0 for protocol 4",
    "procedure": 815,
    "order": 41
  }
},
{
  "model": "protocols.step",
  "pk": 8142,
  "fields": {
    "text": "Step 1 for protocol 4",
    "procedure": 815,
    "order": 42
  }
},
{
  "model": "protocols.step",
  "pk": 8143,
  "fields": {
    "text": "Step 2 for protocol 4",
    "procedure": 815,
    "order": 43
  }
},
{
  "model": "protocols.step",
  "pk": 8144,
  "fields": {
    "text": "Step 3 for protocol 4",
    "procedure": 815,
    "order": 44
  }
},
{
  "model": "protocols.step",
  "pk": 8145,
  "fields": {
    "text": "Step 4 for protocol 4",
    "procedure": 815,
    "order": 45
  }
},
{
  "model": "protocols.step",
  "pk": 8146,
  "fields": {
    "text": "Step 5 for protocol 4",
    "procedure": 815,
    "order": 46
  }
},
{
  "model": "protocols.step",
  "pk": 8147,
  "fields": {
    "text": "Step 6 for protocol 4",
    "procedure": 815,
    "order": 47
  }
},
{
  "model": "protocols.step",
  "pk": 8148,
  "fields": {
    "text": "Step 7 for protocol 4",
    "procedure": 815,
    "order": 48
  }
},
{
  "model": "protocols.step",
  "pk": 8149,
  "fields": {
    "text": "Step 8 for protocol 4",
    "procedure": 815,
    "order": 49
  }
},
{
  "model": "protocols.step",
  "pk": 8150,
  "fields": {
    "text": "Step 9 for protocol 4",
    "procedure": 815,
    "order": 50
  }
},
{
  "model": "protocols.step",
  "pk": 8151,
  "fields": {
    "text": "Step 0 for protocol 5",
    "procedure": 816,
    "order": 51
  }
},
{
  "model": "protocols.step",
  "pk": 8152,
  "fields": {
    "text": "Step 1 for protocol 5",
    "procedure": 816,
    "order": 52
  }
},
{
  "model": "protocols.step",
  "pk": 8153,
  "fields": {
    "text": "Step 2 for protocol 5",
    "procedure": 816,
    "order": 53
  }
},
{
  "model": "protocols.step",
  "pk": 8154,
  "fields": {
    "text": "Step 3 for protocol 5",
    "procedure": 816,
    "order": 54
  }
},
{
  "model": "protocols.step",
  "pk": 8155,
  "fields": {
    "text": "Step 4 for protocol 5",
    "procedure": 816,
    "order": 55
  }
},
{
  "model": "protocols.step",
  "pk": 8156,
  "fields": {
    "text": "Step 5 for protocol 5",
    "procedure": 816,
    "order": 56
  }
},
{
  "model": "protocols.step",
  "pk": 8157,
  "fields": {
    "text": "Step 6 for protocol 5",
    "procedure": 816,
    "order": 57
  }
},
{
  "model": "protocols.step",
  "pk": 8158,
  "fields": {
    "text": "Step 7 for protocol 5",
    "procedure": 816,
    "order": 58
  }
},
{
  "model": "protocols.step",
  "pk": 8159,
  "fields": {
    "text": "Step 8 for protocol 5",
    "procedure": 816,
    "order": 59
  }
},
{
  "model": "protocols.step",
  "pk": 8160,
  "fields": {
    "text": "Step 9 for protocol 5",
    "procedure": 816,
    "order": 60
  }
},
{
  "model": "protocols.step",
  "pk": 8161,
  "fields": {
    "text": "Step 0 for protocol 6",
    "procedure": 817,
    "order": 61
  }
},
{
  "model": "protocols.step",
  "pk": 8162,
  "fields": {
    "text": "Step 1 for protocol 6",
    "procedure": 817,
    "order": 62
  }
},
{
  "model": "protocols.step",
  "pk": 8163,
  "fields": {
    "text": "Step 2 for protocol 6",
    "procedure": 817,
    "order": 63
  }
},
{
  "model": "protocols.step",
  "pk": 8164,
  "fields": {
    "text": "Step 3 for protocol 6",
    "procedure": 817,
    "order": 64
  }
},
{
  "model": "protocols.step",
  "pk": 8165,
  "fields": {
    "text": "Step 4 for protocol 6",
    "procedure": 817,
    "order": 65
  }
},
{
  "model": "protocols.step",
  "pk": 8166,
  "fields": {
    "text": "Step 5 for protocol 6",
    "procedure": 817,
    "order": 66
  }
},
{
  "model": "protocols.step",
  "pk": 8167,
  "fields": {
    "text": "Step 6 for protocol 6",
    "procedure": 817,
    "order": 67
  }
},
{
  "model": "protocols.step",
  "pk": 8168,
  "fields": {
    "text": "Step 7 for protocol 6",
    "procedure": 817,
    "order": 68
  }
},
{
  "model": "protocols.step",
  "pk": 8169,
  "fields": {
    "text": "Step 8 for protocol 6",
    "procedure": 817,
    "order": 69
  }
},
{
  "model": "protocols.step",
  "pk": 8170,
  "fields": {
    "text": "Step 9 for protocol 6",
    "procedure": 817,
    "order": 70
  }
},
{
  "model": "protocols.step",
  "pk": 8171,
  "fields": {
    "text": "Step 0 for protocol 7",
    "procedure": 818,
    "order": 71
  }
},
{
  "model": "protocols.step",
  "pk": 8172,
  "fields": {
    "text": "Step 1 for protocol 7",
    "procedure": 818,
    "order": 72
  }
},
{
  "model": "protocols.step",
  "pk": 8173,
  "fields": {
    "text": "Step 2 for protocol 7",
    "procedure": 818,
    "order": 73
  }
},
{
  "model": "protocols.step",
  "pk": 8174,
  "fields": {
    "text": "Step 3 for protocol 7",
    "procedure": 818,
    "order": 74
  }
},
{
  "model": "protocols.step",
  "pk": 8175,
  "fields": {
    "text": "Step 4 for protocol 7",
    "procedure": 818,
    "order": 75
  }
},
{
  "model": "protocols.step",
  "pk": 8176,
  "fields": {
    "text": "Step 5 for protocol 7",
    "procedure": 818,
    "order": 76
  }
},
{
  "model": "protocols.step",
  "pk": 8177,
  "fields": {
    "text": "Step 6 for protocol 7",
    "procedure": 818,
    "order": 77
  }
},
{
  "model": "protocols.step",
  "pk": 8178,
  "fields": {
    "text": "Step 7 for protocol 7",
    "procedure": 818,
    "order": 78
  }
},
{
  "model": "protocols.step",
  "pk": 8179,
  "fields": {
    "text": "Step 8 for protocol 7",
    "procedure": 818,
    "order": 79
  }
},
{
  "model": "protocols.step",
  "pk": 8180,
  "fields": {
    "text": "Step 9 for protocol 7",
    "procedure": 818,
    "order": 80
  }
},
{
  "model": "protocols.step",
  "pk": 8181,
  "fields": {
    "text": "Step 0 for protocol 8",
    "procedure": 819,
    "order": 81
  }
},
{
  "model": "protocols.step",
  "pk": 8182,
  "fields": {
    "text": "Step 1 for protocol 8",
    "procedure": 819,
    "order": 82
  }
},
{
  "model": "protocols.step",
  "pk": 8183,
  "fields": {
    "text": "Step 2 for protocol 8",
    "procedure": 819,
    "order": 83
  }
},
{
  "model": "protocols.step",
  "pk": 8184,
  "fields": {
    "text": "Step 3 for protocol 8",
    "procedure": 819,
    "order": 84
  }
},
{
  "model": "protocols.step",
  "pk": 8185,
  "fields": {
    "text": "Step 4 for protocol 8",
    "procedure": 819,
    "order": 85
  }
},
{
  "model": "protocols.step",
  "pk": 8186,
  "fields": {
    "text": "Step 5 for protocol 8",
    "procedure": 819,
    "order": 86
  }
},
{
  "model": "protocols.step",
  "pk": 8187,
  "fields": {
    "text": "Step 6 for protocol 8",
    "procedure": 819,
    "order": 87
  }
},
{
  "model": "protocols.step",
  "pk": 8188,
  "fields": {
    "text": "Step 7 for protocol 8",
    "procedure": 819,
    "order": 88
  }
},
{
  "model": "protocols.step",
  "pk": 8189,
  "fields": {
    "text": "Step 8 for protocol 8",
    "procedure": 819,
    "order": 89
  }
},
{
  "model": "protocols.step",
  "pk": 8190,
  "fields": {
    "text": "Step 9 for protocol 8",
    "procedure": 819,
    "order": 90
  }
},
{
  "model": "protocols.step",
  "pk": 8191,
  "fields": {
    "text": "Step 0 for protocol 9",
    "procedure": 820,
    "order": 91
  }
},
{
  "model": "protocols.step",
  "pk": 8192,
  "fields": {
    "text": "Step 1 for protocol 9",
    "procedure": 820,
    "order": 92
  }
},
{
  "model": "protocols.step",
  "pk": 8193,
  "fields": {
    "text": "Step 2 for protocol 9",
    "procedure": 820,
    "order": 93
  }
},
{
  "model": "protocols.step",
  "pk": 8194,
  "fields": {
    "text": "Step 3 for protocol 9",
    "procedure": 820,
    "order": 94
  }
},
{
  "model": "protocols.step",
  "pk": 8195,
  "fields": {
    "text": "Step 4 for protocol 9",
    "procedure": 820,
    "order": 95
  }
},
{
  "model": "protocols.step",
  "pk": 8196,
  "fields": {
    "text": "Step 5 for protocol 9",
    "procedure": 820,
    "order": 96
  }
},
{
  "model": "protocols.step",
  "pk": 8197,
  "fields": {
    "text": "Step 6 for protocol 9",
    "procedure": 820,
    "order": 97
  }
},
{
  "model": "protocols.step",
  "pk": 8198,
  "fields": {
    "text": "Step 7 for protocol 9",
    "procedure": 820,
    "order": 98
  }
},
{
  "model": "protocols.step",
  "pk": 8199,
  "fields": {
    "text": "Step 8 for protocol 9",
    "procedure": 820,
    "order": 99
  }
},
{
  "model": "protocols.step",
  "pk": 8200,
  "fields": {
    "text": "Step 9 for protocol 9",
    "procedure": 820,
    "order": 100
  }
},
{
  "model": "protocols.result",
  "pk": 17101,
  "fields": {
    "note": "Note for result 0",
    "owner": 3,
    "state": "finished",
    "is_successful": true,
    "protocol": 1,
    "project": null,
    "datetime_created": "2016-12-12T19:30:44.989Z"
  }
},
{
  "model": "protocols.result",
  "pk": 17102,
  "fields": {
    "note": "Note for result 1",
    "owner": 3,
    "state": "finished",
    "is_successful": true,
    "protocol": 1,
    "project": null,
    "datetime_created": "2016-12-12T19:30:45.000Z"
  }
},
{
  "model": "protocols.result",
  "pk": 17103,
  "fields": {
    "note": "Note for result 2",
    "owner": 3,
    "state": "finished",
    "is_successful": true,
    "protocol": 1,
    "project": null,
    "datetime_created": "2016-12-12T19:30:45.008Z"
  }
},
{
  "model": "protocols.result",
  "pk": 17104,
  "fields": {
    "note": "Note for result 3",
    "owner": 3,
    "state": "created",
    "is_successful": false,
    "protocol": 1,
    "project": null,
    "datetime_created": "2016-12-12T19:30:45.018Z"
  }
},
{
  "model": "protocols.result",
  "pk": 17105,
  "fields": {
    "note": "Note for result 4",
    "owner": 3,
    "state": "finished",
    "is_successful": false,
    "protocol": 1,
    "project": null,
    "datetime_created": "2016-12-12T19:30:45.027Z"
  }
},
{
  "model": "protocols.result",
  "pk": 17106,
  "fields": {
    "note": "Note for result 5",
    "owner": 3,
    "state": "created",
    "is_successful": false,
    "protocol": 1,
    "project": null,
    "datetime_created": "2016-12-12T19:30:45.035Z"
  }
},
{
  "model": "protocols.result",
  "pk": 17107,
  "fields": {
    "note": "Note for result 6",
    "owner": 3,
    "state": "created",
    "is_successful": false,
    "protocol": 1,
    "project": null,
    "datetime_created": "2016-12-12T19:30:45.043Z"
  }
},
{
  "model": "protocols.result",
  "pk": 17108,
  "fields": {
    "note": "Note for result 7",
    "owner": 3,
    "state": "finished",
    "is_successful": true,
    "protocol": 1,
    "project": null,
    "datetime_created": "2016-12-12T19:30:45.051Z"
  }
},
{
  "model": "protocols.result",
  "pk": 17109,
  "fields": {
    "note": "Note for result 8",
    "owner": 3,
    "state": "created",
    "is_successful": false,
    "protocol": 1,
    "project": null,
    "datetime_created": "2016-12-12T19:30:45.062Z"
  }
},
{
  "model": "protocols.result",
  "pk": 17110,
  "fields": {
    "note": "Note for result 9",
    "owner": 3,
    "state": "created",
    "is_successful": false,
    "protocol": 1,
    "project": null,
    "datetime_created": "2016-12-12T19:30:45.070Z"
  }
},
{
  "model": "protocols.result",
  "pk": 17111,
  "fields": {
    "note": "Note for result 0",
    "owner": 4,
    "state": "created",
    "is_successful": false,
    "protocol": 2,
    "project": null,
    "datetime_created": "2016-12-12T19:30:45.276Z"
  }
},
{
  "model": "protocols.result",
  "pk": 17112,
  "fields": {
    "note": "Note for result 1",
    "owner": 4,
    "state": "finished",
    "is_successful": true,
    "protocol": 2,
    "project": null,
    "datetime_created": "2016-12-12T19:30:45.284Z"
  }
},
{
  "model": "protocols.result",
  "pk": 17113,
  "fields": {
    "note": "Note for result 2",
    "owner": 4,
    "state": "finished",
    "is_successful": false,
    "protocol": 2,
    "project": null,
    "datetime_created": "2016-12-12T19:30:45.291Z"
  }
},
{
  "model": "protocols.result",
  "pk": 17114,
  "fields": {
    "note": "Note for result 3",
    "owner": 4,
    "state": "created",
    "is_successful": false,
    "protocol": 2,
    "project": null,
    "datetime_created": "2016-12-12T19:30:45.300Z"
  }
},
{
  "model": "protocols.result",
  "pk": 17115,
  "fields": {
    "note": "Note for result 4",
    "owner": 4,
    "state": "created",
    "is_successful": false,
    "protocol": 2,
    "project": null,
    "datetime_created": "2016-12-12T19:30:45.308Z"
  }
},
{
  "model": "protocols.result",
  "pk": 17116,
  "fields": {
    "note": "Note for result 5",
    "owner": 4,
    "state": "created",
    "is_successful": false,
    "protocol": 2,
    "project": null,
    "datetime_created": "2016-12-12T19:30:45.316Z"
  }
},
{
  "model": "protocols.result",
  "pk": 17117,
  "fields": {
    "note": "Note for result 6",
    "owner": 4,
    "state": "created",
    "is_successful": false,
    "protocol": 2,
    "project": null,
    "datetime_created": "2016-12-12T19:30:45.324Z"
  }
},
{
  "model": "protocols.result",
  "pk": 17118,
  "fields": {
    "note": "Note for result 7",
    "owner": 4,
    "state": "created",
    "is_successful": false,
    "protocol": 2,
    "project": null,
    "datetime_created": "2016-12-12T19:30:45.332Z"
  }
},
{
  "model": "protocols.result",
  "pk": 17119,
  "fields": {
    "note": "Note for result 8",
    "owner": 4,
    "state": "finished",
    "is_successful": true,
    "protocol": 2,
    "project": null,
    "datetime_created": "2016-12-12T19:30:45.340Z"
  }
},
{
  "model": "protocols.result",
  "pk": 17120,
  "fields": {
    "note": "Note for result 9",
    "owner": 4,
    "state": "created",
    "is_successful": false,
    "protocol": 2,
    "project": null,
    "datetime_created": "2016-12-12T19:30:45.348Z"
  }
},
{
  "model": "protocols.result",
  "pk": 17121,
  "fields": {
    "note": "Note for result 0",
    "owner": 2,
    "state": "created",
    "is_successful": false,
    "protocol": 3,
    "project": 1,
    "datetime_created": "2016-12-12T19:30:45.507Z"
  }
},
{
  "model": "protocols.result",
  "pk": 17122,
  "fields": {
    "note": "Note for result 1",
    "owner": 2,
    "state": "created",
    "is_successful": false,
    "protocol": 3,
    "project": 3,
    "datetime_created": "2016-12-12T19:30:45.512Z"
  }
},
{
  "model": "protocols.result",
  "pk": 17123,
  "fields": {
    "note": "Note for result 2",
    "owner": 2,
    "state": "finished",
    "is_successful": false,
    "protocol": 3,
    "project": 1,
    "datetime_created": "2016-12-12T19:30:45.517Z"
  }
},
{
  "model": "protocols.result",
  "pk": 17124,
  "fields": {
    "note": "Note for result 3",
    "owner": 2,
    "state": "finished",
    "is_successful": true,
    "protocol": 3,
    "project": 1,
    "datetime_created": "2016-12-12T19:30:45.521Z"
  }
},
{
  "model": "protocols.result",
  "pk": 17125,
  "fields": {
    "note": "Note for result 4",
    "owner": 2,
    "state": "created",
    "is_successful": false,
    "protocol": 3,
    "project": 1,
    "datetime_created": "2016-12-12T19:30:45.526Z"
  }
},
{
  "model": "protocols.result",
  "pk": 17126,
  "fields": {
    "note": "Note for result 5",
    "owner": 2,
    "state": "finished",
    "is_successful": true,
    "protocol": 3,
    "project": 1,
    "datetime_created": "2016-12-12T19:30:45.531Z"
  }
},
{
  "model": "protocols.result",
  "pk": 17127,
  "fields": {
    "note": "Note for result 6",
    "owner": 2,
    "state": "finished",
    "is_successful": true,
    "protocol": 3,
    "project": 1,
    "datetime_created": "2016-12-12T19:30:45.536Z"
  }
},
{
  "model": "protocols.result",
  "pk": 17128,
  "fields": {
    "note": "Note for result 7",
    "owner": 2,
    "state": "finished",
    "is_successful": true,
    "protocol": 3,
    "project": 1,
    "datetime_created": "2016-12-12T19:30:45.541Z"
  }
},
{
  "model": "protocols.result",
  "pk": 17129,
  "fields": {
    "note": "Note for result 8",
    "owner": 2,
    "state": "finished",
    "is_successful": false,
    "protocol": 3,
    "project": 1,
    "datetime_created": "2016-12-12T19:30:45.546Z"
  }
},
{
  "model": "protocols.result",
  "pk": 17130,
  "fields": {
    "note": "Note for result 9",
    "owner": 2,
    "state": "created",
    "is_successful": false,
    "protocol": 3,
    "project": 3,
    "datetime_created": "2016-12-12T19:30:45.552Z"
  }
},
{
  "model": "protocols.result",
  "pk": 17131,
  "fields": {
    "note": "Note for result 0",
    "owner": 4,
    "state": "finished",
    "is_successful": true,
    "protocol": 4,
    "project": null,
    "datetime_created": "2016-12-12T19:30:45.729Z"
  }
},
{
  "model": "protocols.result",
  "pk": 17132,
  "fields": {
    "note": "Note for result 1",
    "owner": 4,
    "state": "created",
    "is_successful": false,
    "protocol": 4,
    "project": null,
    "datetime_created": "2016-12-12T19:30:45.735Z"
  }
},
{
  "model": "protocols.result",
  "pk": 17133,
  "fields": {
    "note": "Note for result 2",
    "owner": 4,
    "state": "finished",
    "is_successful": false,
    "protocol": 4,
    "project": null,
    "datetime_created": "2016-12-12T19:30:45.741Z"
  }
},
{
  "model": "protocols.result",
  "pk": 17134,
  "fields": {
    "note": "Note for result 3",
    "owner": 4,
    "state": "created",
    "is_successful": false,
    "protocol": 4,
    "project": null,
    "datetime_created": "2016-12-12T19:30:45.747Z"
  }
},
{
  "model": "protocols.result",
  "pk": 17135,
  "fields": {
    "note": "Note for result 4",
    "owner": 4,
    "state": "finished",
    "is_successful": false,
    "protocol": 4,
    "project": null,
    "datetime_created": "2016-12-12T19:30:45.753Z"
  }
},
{
  "model": "protocols.result",
  "pk": 17136,
  "fields": {
    "note": "Note for result 5",
    "owner": 4,
    "state": "created",
    "is_successful": false,
    "protocol": 4,
    "project": null,
    "datetime_created": "2016-12-12T19:30:45.759Z"
  }
},
{
  "model": "protocols.result",
  "pk": 17137,
  "fields": {
    "note": "Note for result 6",
    "owner": 4,
    "state": "created",
    "is_successful": false,
    "protocol": 4,
    "project": null,
    "datetime_created": "2016-12-12T19:30:45.767Z"
  }
},
{
  "model": "protocols.result",
  "pk": 17138,
  "fields": {
    "note": "Note for result 7",
    "owner": 4,
    "state": "finished",
    "is_successful": true,
    "protocol": 4,
    "project": null,
    "datetime_created": "2016-12-12T19:30:45.775Z"
  }
},
{
  "model": "protocols.result",
  "pk": 17139,
  "fields": {
    "note": "Note for result 8",
    "owner": 4,
    "state": "created",
    "is_successful": false,
    "protocol": 4,
    "project": null,
    "datetime_created": "2016-12-12T19:30:45.783Z"
  }
},
{
  "model": "protocols.result",
  "pk": 17140,
  "fields": {
    "note": "Note for result 9",
    "owner": 4,
    "state": "created",
    "is_successful": false,
    "protocol": 4,
    "project": null,
    "datetime_created": "2016-12-12T19:30:45.796Z"
  }
},
{
  "model": "protocols.result",
  "pk": 17141,
  "fields": {
    "note": "Note for result 0",
    "owner": 4,
    "state": "finished",
    "is_successful": false,
    "protocol": 5,
    "project": 2,
    "datetime_created": "2016-12-12T19:30:45.974Z"
  }
},
{
  "model": "protocols.result",
  "pk": 17142,
  "fields": {
    "note": "Note for result 1",
    "owner": 4,
    "state": "created",
    "is_successful": false,
    "protocol": 5,
    "project": 2,
    "datetime_created": "2016-12-12T19:30:45.982Z"
  }
},
{
  "model": "protocols.result",
  "pk": 17143,
  "fields": {
    "note": "Note for result 2",
    "owner": 4,
    "state": "created",
    "is_successful": false,
    "protocol": 5,
    "project": 3,
    "datetime_created": "2016-12-12T19:30:45.991Z"
  }
},
{
  "model": "protocols.result",
  "pk": 17144,
  "fields": {
    "note": "Note for result 3",
    "owner": 4,
    "state": "finished",
    "is_successful": false,
    "protocol": 5,
    "project": 3,
    "datetime_created": "2016-12-12T19:30:45.999Z"
  }
},
{
  "model": "protocols.result",
  "pk": 17145,
  "fields": {
    "note": "Note for result 4",
    "owner": 4,
    "state": "created",
    "is_successful": false,
    "protocol": 5,
    "project": 3,
    "datetime_created": "2016-12-12T19:30:46.007Z"
  }
},
{
  "model": "protocols.result",
  "pk": 17146,
  "fields": {
    "note": "Note for result 5",
    "owner": 4,
    "state": "finished",
    "is_successful": false,
    "protocol": 5,
    "project": 2,
    "datetime_created": "2016-12-12T19:30:46.015Z"
  }
},
{
  "model": "protocols.result",
  "pk": 17147,
  "fields": {
    "note": "Note for result 6",
    "owner": 4,
    "state": "finished",
    "is_successful": true,
    "protocol": 5,
    "project": 2,
    "datetime_created": "2016-12-12T19:30:46.024Z"
  }
},
{
  "model": "protocols.result",
  "pk": 17148,
  "fields": {
    "note": "Note for result 7",
    "owner": 4,
    "state": "finished",
    "is_successful": false,
    "protocol": 5,
    "project": 2,
    "datetime_created": "2016-12-12T19:30:46.032Z"
  }
},
{
  "model": "protocols.result",
  "pk": 17149,
  "fields": {
    "note": "Note for result 8",
    "owner": 4,
    "state": "finished",
    "is_successful": true,
    "protocol": 5,
    "project": 2,
    "datetime_created": "2016-12-12T19:30:46.040Z"
  }
},
{
  "model": "protocols.result",
  "pk": 17150,
  "fields": {
    "note": "Note for result 9",
    "owner": 4,
    "state": "finished",
    "is_successful": true,
    "protocol": 5,
    "project": 2,
    "datetime_created": "2016-12-12T19:30:46.048Z"
  }
},
{
  "model": "protocols.result",
  "pk": 17151,
  "fields": {
    "note": "Note for result 0",
    "owner": 2,
    "state": "created",
    "is_successful": false,
    "protocol": 6,
    "project": null,
    "datetime_created": "2016-12-12T19:30:46.225Z"
  }
},
{
  "model": "protocols.result",
  "pk": 17152,
  "fields": {
    "note": "Note for result 1",
    "owner": 2,
    "state": "created",
    "is_successful": false,
    "protocol": 6,
    "project": null,
    "datetime_created": "2016-12-12T19:30:46.230Z"
  }
},
{
  "model": "protocols.result",
  "pk": 17153,
  "fields": {
    "note": "Note for result 2",
    "owner": 2,
    "state": "created",
    "is_successful": false,
    "protocol": 6,
    "project": null,
    "datetime_created": "2016-12-12T19:30:46.236Z"
  }
},
{
  "model": "protocols.result",
  "pk": 17154,
  "fields": {
    "note": "Note for result 3",
    "owner": 2,
    "state": "finished",
    "is_successful": false,
    "protocol": 6,
    "project": null,
    "datetime_created": "2016-12-12T19:30:46.241Z"
  }
},
{
  "model": "protocols.result",
  "pk": 17155,
  "fields": {
    "note": "Note for result 4",
    "owner": 2,
    "state": "created",
    "is_successful": false,
    "protocol": 6,
    "project": null,
    "datetime_created": "2016-12-12T19:30:46.245Z"
  }
},
{
  "model": "protocols.result",
  "pk": 17156,
  "fields": {
    "note": "Note for result 5",
    "owner": 2,
    "state": "created",
    "is_successful": false,
    "protocol": 6,
    "project": null,
    "datetime_created": "2016-12-12T19:30:46.252Z"
  }
},
{
  "model": "protocols.result",
  "pk": 17157,
  "fields": {
    "note": "Note for result 6",
    "owner": 2,
    "state": "created",
    "is_successful": false,
    "protocol": 6,
    "project": null,
    "datetime_created": "2016-12-12T19:30:46.257Z"
  }
},
{
  "model": "protocols.result",
  "pk": 17158,
  "fields": {
    "note": "Note for result 7",
    "owner": 2,
    "state": "created",
    "is_successful": false,
    "protocol": 6,
    "project": null,
    "datetime_created": "2016-12-12T19:30:46.261Z"
  }
},
{
  "model": "protocols.result",
  "pk": 17159,
  "fields": {
    "note": "Note for result 8",
    "owner": 2,
    "state": "finished",
    "is_successful": true,
    "protocol": 6,
    "project": null,
    "datetime_created": "2016-12-12T19:30:46.269Z"
  }
},
{
  "model": "protocols.result",
  "pk": 17160,
  "fields": {
    "note": "Note for result 9",
    "owner": 2,
    "state": "finished",
    "is_successful": true,
    "protocol": 6,
    "project": null,
    "datetime_created": "2016-12-12T19:30:46.273Z"
  }
},
{
  "model": "protocols.result",
  "pk": 17161,
  "fields": {
    "note": "Note for result 0",
    "owner": 4,
    "state": "created",
    "is_successful": false,
    "protocol": 7,
    "project": 1,
    "datetime_created": "2016-12-12T19:30:46.472Z"
  }
},
{
  "model": "protocols.result",
  "pk": 17162,
  "fields": {
    "note": "Note for result 1",
    "owner": 4,
    "state": "created",
    "is_successful": false,
    "protocol": 7,
    "project": 1,
    "datetime_created": "2016-12-12T19:30:46.480Z"
  }
},
{
  "model": "protocols.result",
  "pk": 17163,
  "fields": {
    "note": "Note for result 2",
    "owner": 4,
    "state": "created",
    "is_successful": false,
    "protocol": 7,
    "project": 1,
    "datetime_created": "2016-12-12T19:30:46.485Z"
  }
},
{
  "model": "protocols.result",
  "pk": 17164,
  "fields": {
    "note": "Note for result 3",
    "owner": 4,
    "state": "finished",
    "is_successful": false,
    "protocol": 7,
    "project": 1,
    "datetime_created": "2016-12-12T19:30:46.491Z"
  }
},
{
  "model": "protocols.result",
  "pk": 17165,
  "fields": {
    "note": "Note for result 4",
    "owner": 4,
    "state": "finished",
    "is_successful": true,
    "protocol": 7,
    "project": 1,
    "datetime_created": "2016-12-12T19:30:46.497Z"
  }
},
{
  "model": "protocols.result",
  "pk": 17166,
  "fields": {
    "note": "Note for result 5",
    "owner": 4,
    "state": "created",
    "is_successful": false,
    "protocol": 7,
    "project": 1,
    "datetime_created": "2016-12-12T19:30:46.505Z"
  }
},
{
  "model": "protocols.result",
  "pk": 17167,
  "fields": {
    "note": "Note for result 6",
    "owner": 4,
    "state": "created",
    "is_successful": false,
    "protocol": 7,
    "project": 1,
    "datetime_created": "2016-12-12T19:30:46.515Z"
  }
},
{
  "model": "protocols.result",
  "pk": 17168,
  "fields": {
    "note": "Note for result 7",
    "owner": 4,
    "state": "finished",
    "is_successful": false,
    "protocol": 7,
    "project": 1,
    "datetime_created": "2016-12-12T19:30:46.524Z"
  }
},
{
  "model": "protocols.result",
  "pk": 17169,
  "fields": {
    "note": "Note for result 8",
    "owner": 4,
    "state": "finished",
    "is_successful": true,
    "protocol": 7,
    "project": 1,
    "datetime_created": "2016-12-12T19:30:46.533Z"
  }
},
{
  "model": "protocols.result",
  "pk": 17170,
  "fields": {
    "note": "Note for result 9",
    "owner": 4,
    "state": "created",
    "is_successful": false,
    "protocol": 7,
    "project": 1,
    "datetime_created": "2016-12-12T19:30:46.543Z"
  }
},
{
  "model": "protocols.result",
  "pk": 17171,
  "fields": {
    "note": "Note for result 0",
    "owner": 2,
    "state": "created",
    "is_successful": false,
    "protocol": 8,
    "project": null,
    "datetime_created": "2016-12-12T19:30:46.792Z"
  }
},
{
  "model": "protocols.result",
  "pk": 17172,
  "fields": {
    "note": "Note for result 1",
    "owner": 2,
    "state": "created",
    "is_successful": false,
    "protocol": 8,
    "project": null,
    "datetime_created": "2016-12-12T19:30:46.800Z"
  }
},
{
  "model": "protocols.result",
  "pk": 17173,
  "fields": {
    "note": "Note for result 2",
    "owner": 2,
    "state": "finished",
    "is_successful": true,
    "protocol": 8,
    "project": null,
    "datetime_created": "2016-12-12T19:30:46.808Z"
  }
},
{
  "model": "protocols.result",
  "pk": 17174,
  "fields": {
    "note": "Note for result 3",
    "owner": 2,
    "state": "created",
    "is_successful": false,
    "protocol": 8,
    "project": null,
    "datetime_created": "2016-12-12T19:30:46.815Z"
  }
},
{
  "model": "protocols.result",
  "pk": 17175,
  "fields": {
    "note": "Note for result 4",
    "owner": 2,
    "state": "created",
    "is_successful": false,
    "protocol": 8,
    "project": null,
    "datetime_created": "2016-12-12T19:30:46.824Z"
  }
},
{
  "model": "protocols.result",
  "pk": 17176,
  "fields": {
    "note": "Note for result 5",
    "owner": 2,
    "state": "finished",
    "is_successful": true,
    "protocol": 8,
    "project": null,
    "datetime_created": "2016-12-12T19:30:46.836Z"
  }
},
{
  "model": "protocols.result",
  "pk": 17177,
  "fields": {
    "note": "Note for result 6",
    "owner": 2,
    "state": "finished",
    "is_successful": false,
    "protocol": 8,
    "project": null,
    "datetime_created": "2016-12-12T19:30:46.843Z"
  }
},
{
  "model": "protocols.result",
  "pk": 17178,
  "fields": {
    "note": "Note for result 7",
    "owner": 2,
    "state": "created",
    "is_successful": false,
    "protocol": 8,
    "project": null,
    "datetime_created": "2016-12-12T19:30:46.851Z"
  }
},
{
  "model": "protocols.result",
  "pk": 17179,
  "fields": {
    "note": "Note for result 8",
    "owner": 2,
    "state": "created",
    "is_successful": false,
    "protocol": 8,
    "project": null,
    "datetime_created": "2016-12-12T19:30:46.858Z"
  }
},
{
  "model": "protocols.result",
  "pk": 17180,
  "fields": {
    "note": "Note for result 9",
    "owner": 2,
    "state": "finished",
    "is_successful": true,
    "protocol": 8,
    "project": null,
    "datetime_created": "2016-12-12T19:30:46.866Z"
  }
},
{
  "model": "protocols.result",
  "pk": 17181,
  "fields": {
    "note": "Note for result 0",
    "owner": 4,
    "state": "finished",
    "is_successful": true,
    "protocol": 9,
    "project": 2,
    "datetime_created": "2016-12-12T19:30:47.069Z"
  }
},
{
  "model": "protocols.result",
  "pk": 17182,
  "fields": {
    "note": "Note for result 1",
    "owner": 4,
    "state": "finished",
    "is_successful": true,
    "protocol": 9,
    "project": 2,
    "datetime_created": "2016-12-12T19:30:47.075Z"
  }
},
{
  "model": "protocols.result",
  "pk": 17183,
  "fields": {
    "note": "Note for result 2",
    "owner": 4,
    "state": "finished",
    "is_successful": false,
    "protocol": 9,
    "project": 2,
    "datetime_created": "2016-12-12T19:30:47.081Z"
  }
},
{
  "model": "protocols.result",
  "pk": 17184,
  "fields": {
    "note": "Note for result 3",
    "owner": 4,
    "state": "finished",
    "is_successful": false,
    "protocol": 9,
    "project": 2,
    "datetime_created": "2016-12-12T19:30:47.088Z"
  }
},
{
  "model": "protocols.result",
  "pk": 17185,
  "fields": {
    "note": "Note for result 4",
    "owner": 4,
    "state": "created",
    "is_successful": false,
    "protocol": 9,
    "project": 2,
    "datetime_created": "2016-12-12T19:30:47.094Z"
  }
},
{
  "model": "protocols.result",
  "pk": 17186,
  "fields": {
    "note": "Note for result 5",
    "owner": 4,
    "state": "finished",
    "is_successful": false,
    "protocol": 9,
    "project": 2,
    "datetime_created": "2016-12-12T19:30:47.100Z"
  }
},
{
  "model": "protocols.result",
  "pk": 17187,
  "fields": {
    "note": "Note for result 6",
    "owner": 4,
    "state": "finished",
    "is_successful": false,
    "protocol": 9,
    "project": 2,
    "datetime_created": "2016-12-12T19:30:47.106Z"
  }
},
{
  "model": "protocols.result",
  "pk": 17188,
  "fields": {
    "note": "Note for result 7",
    "owner": 4,
    "state": "finished",
    "is_successful": true,
    "protocol": 9,
    "project": 2,
    "datetime_created": "2016-12-12T19:30:47.112Z"
  }
},
{
  "model": "protocols.result",
  "pk": 17189,
  "fields": {
    "note": "Note for result 8",
    "owner": 4,
    "state": "finished",
    "is_successful": false,
    "protocol": 9,
    "project": 2,
    "datetime_created": "2016-12-12T19:30:47.119Z"
  }
},
{
  "model": "protocols.result",
  "pk": 17190,
  "fields": {
    "note": "Note for result 9",
    "owner": 4,
    "state": "finished",
    "is_successful": false,
    "protocol": 9,
    "project": 2,
    "datetime_created": "2016-12-12T19:30:47.131Z"
  }
},
{
  "model": "protocols.result",
  "pk": 17191,
  "fields": {
    "note": "Note for result 0",
    "owner": 2,
    "state": "finished",
    "is_successful": true,
    "protocol": 10,
    "project": 3,
    "datetime_created": "2016-12-12T19:30:47.359Z"
  }
},
{
  "model": "protocols.result",
  "pk": 17192,
  "fields": {
    "note": "Note for result 1",
    "owner": 2,
    "state": "finished",
    "is_successful": true,
    "protocol": 10,
    "project": 2,
    "datetime_created": "2016-12-12T19:30:47.364Z"
  }
},
{
  "model": "protocols.result",
  "pk": 17193,
  "fields": {
    "note": "Note for result 2",
    "owner": 2,
    "state": "created",
    "is_successful": false,
    "protocol": 10,
    "project": 2,
    "datetime_created": "2016-12-12T19:30:47.370Z"
  }
},
{
  "model": "protocols.result",
  "pk": 17194,
  "fields": {
    "note": "Note for result 3",
    "owner": 2,
    "state": "created",
    "is_successful": false,
    "protocol": 10,
    "project": 2,
    "datetime_created": "2016-12-12T19:30:47.377Z"
  }
},
{
  "model": "protocols.result",
  "pk": 17195,
  "fields": {
    "note": "Note for result 4",
    "owner": 2,
    "state": "finished",
    "is_successful": false,
    "protocol": 10,
    "project": 2,
    "datetime_created": "2016-12-12T19:30:47.381Z"
  }
},
{
  "model": "protocols.result",
  "pk": 17196,
  "fields": {
    "note": "Note for result 5",
    "owner": 2,
    "state": "created",
    "is_successful": false,
    "protocol": 10,
    "project": 3,
    "datetime_created": "2016-12-12T19:30:47.387Z"
  }
},
{
  "model": "protocols.result",
  "pk": 17197,
  "fields": {
    "note": "Note for result 6",
    "owner": 2,
    "state": "created",
    "is_successful": false,
    "protocol": 10,
    "project": 3,
    "datetime_created": "2016-12-12T19:30:47.392Z"
  }
},
{
  "model": "protocols.result",
  "pk": 17198,
  "fields": {
    "note": "Note for result 7",
    "owner": 2,
    "state": "finished",
    "is_successful": true,
    "protocol": 10,
    "project": 2,
    "datetime_created": "2016-12-12T19:30:47.399Z"
  }
},
{
  "model": "protocols.result",
  "pk": 17199,
  "fields": {
    "note": "Note for result 8",
    "owner": 2,
    "state": "created",
    "is_successful": false,
    "protocol": 10,
    "project": 2,
    "datetime_created": "2016-12-12T19:30:47.407Z"
  }
},
{
  "model": "protocols.result",
  "pk": 17200,
  "fields": {
    "note": "Note for result 9",
    "owner": 2,
    "state": "created",
    "is_successful": false,
    "protocol": 10,
    "project": 3,
    "datetime_created": "2016-12-12T19:30:47.417Z"
  }
},
{
  "model": "protocols.datacolumn",
  "pk": 8101,
  "fields": {
    "result": 17110,
    "data": "{\"title\": \"Column 0\", \"Data\": [48, 55, 78, 22, 68, 69, 61, 0, 44, 10]}",
    "is_independent": false,
    "measurement": "S",
    "unit": "p"
  }
},
{
  "model": "protocols.datacolumn",
  "pk": 8102,
  "fields": {
    "result": 17110,
    "data": "{\"title\": \"Column 1\", \"Data\": [94, 25, 36, 43, 73, 71, 49, 13, 87, 75]}",
    "is_independent": true,
    "measurement": "Mass",
    "unit": "g"
  }
},
{
  "model": "protocols.datacolumn",
  "pk": 8103,
  "fields": {
    "result": 17110,
    "data": "{\"title\": \"Column 2\", \"Data\": [11, 91, 3, 89, 81, 98, 72, 83, 21, 12]}",
    "is_independent": true,
    "measurement": "S",
    "unit": "p"
  }
},
{
  "model": "protocols.datacolumn",
  "pk": 8104,
  "fields": {
    "result": 17110,
    "data": "{\"title\": \"Column 3\", \"Data\": [15, 4, 98, 26, 46, 33, 14, 89, 41, 81]}",
    "is_independent": false,
    "measurement": "Mass",
    "unit": "mg"
  }
},
{
  "model": "protocols.datacolumn",
  "pk": 8105,
  "fields": {
    "result": 17110,
    "data": "{\"title\": \"Column 4\", \"Data\": [36, 11, 66, 70, 35, 88, 44, 53, 26, 50]}",
    "is_independent": true,
    "measurement": "Mass",
    "unit": "mg"
  }
},
{
  "model": "protocols.datacolumn",
  "pk": 8106,
  "fields": {
    "result": 17110,
    "data": "{\"title\": \"Column 5\", \"Data\": [77, 42, 86, 73, 65, 50, 21, 80, 23, 19]}",
    "is_independent": false,
    "measurement": "S",
    "unit": "p"
  }
},
{
  "model": "protocols.datacolumn",
  "pk": 8107,
  "fields": {
    "result": 17110,
    "data": "{\"title\": \"Column 6\", \"Data\": [79, 64, 40, 82, 58, 23, 44, 42, 12, 94]}",
    "is_independent": false,
    "measurement": "S",
    "unit": "p"
  }
},
{
  "model": "protocols.datacolumn",
  "pk": 8108,
  "fields": {
    "result": 17110,
    "data": "{\"title\": \"Column 7\", \"Data\": [42, 36, 29, 48, 25, 41, 69, 12, 98, 88]}",
    "is_independent": true,
    "measurement": "Mass",
    "unit": "kg"
  }
},
{
  "model": "protocols.datacolumn",
  "pk": 8109,
  "fields": {
    "result": 17110,
    "data": "{\"title\": \"Column 8\", \"Data\": [35, 18, 86, 51, 79, 96, 77, 6, 0, 71]}",
    "is_independent": false,
    "measurement": "S",
    "unit": "p"
  }
},
{
  "model": "protocols.datacolumn",
  "pk": 8110,
  "fields": {
    "result": 17110,
    "data": "{\"title\": \"Column 9\", \"Data\": [90, 92, 80, 3, 74, 35, 64, 59, 85, 66]}",
    "is_independent": true,
    "measurement": "S",
    "unit": "p"
  }
},
{
  "model": "protocols.datacolumn",
  "pk": 8111,
  "fields": {
    "result": 17120,
    "data": "{\"title\": \"Column 0\", \"Data\": [27, 74, 58, 63, 96, 90, 89, 44, 8, 2]}",
    "is_independent": true,
    "measurement": "Mass",
    "unit": "mg"
  }
},
{
  "model": "protocols.datacolumn",
  "pk": 8112,
  "fields": {
    "result": 17120,
    "data": "{\"title\": \"Column 1\", \"Data\": [58, 64, 10, 68, 62, 18, 46, 38, 69, 88]}",
    "is_independent": false,
    "measurement": "S",
    "unit": "p"
  }
},
{
  "model": "protocols.datacolumn",
  "pk": 8113,
  "fields": {
    "result": 17120,
    "data": "{\"title\": \"Column 2\", \"Data\": [58, 36, 62, 70, 38, 48, 45, 35, 47, 6]}",
    "is_independent": true,
    "measurement": "Mass",
    "unit": "mg"
  }
},
{
  "model": "protocols.datacolumn",
  "pk": 8114,
  "fields": {
    "result": 17120,
    "data": "{\"title\": \"Column 3\", \"Data\": [32, 48, 74, 79, 44, 82, 96, 61, 52, 70]}",
    "is_independent": false,
    "measurement": "S",
    "unit": "p"
  }
},
{
  "model": "protocols.datacolumn",
  "pk": 8115,
  "fields": {
    "result": 17120,
    "data": "{\"title\": \"Column 4\", \"Data\": [49, 25, 41, 38, 28, 0, 2, 40, 15, 71]}",
    "is_independent": false,
    "measurement": "Mass",
    "unit": "g"
  }
},
{
  "model": "protocols.datacolumn",
  "pk": 8116,
  "fields": {
    "result": 17120,
    "data": "{\"title\": \"Column 5\", \"Data\": [28, 45, 34, 83, 3, 80, 27, 96, 41, 8]}",
    "is_independent": true,
    "measurement": "S",
    "unit": "p"
  }
},
{
  "model": "protocols.datacolumn",
  "pk": 8117,
  "fields": {
    "result": 17120,
    "data": "{\"title\": \"Column 6\", \"Data\": [18, 96, 44, 41, 63, 40, 53, 55, 42, 67]}",
    "is_independent": true,
    "measurement": "Volume",
    "unit": "litre"
  }
},
{
  "model": "protocols.datacolumn",
  "pk": 8118,
  "fields": {
    "result": 17120,
    "data": "{\"title\": \"Column 7\", \"Data\": [15, 51, 2, 79, 55, 31, 35, 12, 3, 66]}",
    "is_independent": false,
    "measurement": "S",
    "unit": "p"
  }
},
{
  "model": "protocols.datacolumn",
  "pk": 8119,
  "fields": {
    "result": 17120,
    "data": "{\"title\": \"Column 8\", \"Data\": [46, 3, 56, 6, 93, 68, 12, 49, 2, 90]}",
    "is_independent": false,
    "measurement": "S",
    "unit": "p"
  }
},
{
  "model": "protocols.datacolumn",
  "pk": 8120,
  "fields": {
    "result": 17120,
    "data": "{\"title\": \"Column 9\", \"Data\": [23, 93, 83, 19, 14, 89, 22, 57, 47, 30]}",
    "is_independent": true,
    "measurement": "Mass",
    "unit": "kg"
  }
},
{
  "model": "protocols.datacolumn",
  "pk": 8121,
  "fields": {
    "result": 17130,
    "data": "{\"title\": \"Column 0\", \"Data\": [15, 38, 39, 96, 30, 36, 22, 12, 89, 69]}",
    "is_independent": true,
    "measurement": "Mass",
    "unit": "mg"
  }
},
{
  "model": "protocols.datacolumn",
  "pk": 8122,
  "fields": {
    "result": 17130,
    "data": "{\"title\": \"Column 1\", \"Data\": [85, 44, 70, 49, 22, 71, 51, 97, 3, 61]}",
    "is_independent": false,
    "measurement": "Mass",
    "unit": "mg"
  }
},
{
  "model": "protocols.datacolumn",
  "pk": 8123,
  "fields": {
    "result": 17130,
    "data": "{\"title\": \"Column 2\", \"Data\": [94, 69, 15, 42, 78, 71, 81, 92, 17, 45]}",
    "is_independent": true,
    "measurement": "S",
    "unit": "p"
  }
},
{
  "model": "protocols.datacolumn",
  "pk": 8124,
  "fields": {
    "result": 17130,
    "data": "{\"title\": \"Column 3\", \"Data\": [77, 12, 24, 65, 50, 94, 46, 43, 28, 83]}",
    "is_independent": false,
    "measurement": "Mass",
    "unit": "g"
  }
},
{
  "model": "protocols.datacolumn",
  "pk": 8125,
  "fields": {
    "result": 17130,
    "data": "{\"title\": \"Column 4\", \"Data\": [73, 83, 86, 49, 44, 68, 41, 47, 77, 65]}",
    "is_independent": true,
    "measurement": "Mass",
    "unit": "kg"
  }
},
{
  "model": "protocols.datacolumn",
  "pk": 8126,
  "fields": {
    "result": 17130,
    "data": "{\"title\": \"Column 5\", \"Data\": [21, 68, 19, 94, 1, 15, 44, 73, 91, 38]}",
    "is_independent": false,
    "measurement": "Mass",
    "unit": "kg"
  }
},
{
  "model": "protocols.datacolumn",
  "pk": 8127,
  "fields": {
    "result": 17130,
    "data": "{\"title\": \"Column 6\", \"Data\": [1, 48, 52, 11, 25, 31, 22, 94, 82, 27]}",
    "is_independent": false,
    "measurement": "Mass",
    "unit": "mg"
  }
},
{
  "model": "protocols.datacolumn",
  "pk": 8128,
  "fields": {
    "result": 17130,
    "data": "{\"title\": \"Column 7\", \"Data\": [34, 40, 81, 92, 54, 14, 57, 19, 22, 59]}",
    "is_independent": true,
    "measurement": "S",
    "unit": "p"
  }
},
{
  "model": "protocols.datacolumn",
  "pk": 8129,
  "fields": {
    "result": 17130,
    "data": "{\"title\": \"Column 8\", \"Data\": [12, 15, 20, 34, 14, 50, 41, 68, 30, 84]}",
    "is_independent": true,
    "measurement": "S",
    "unit": "p"
  }
},
{
  "model": "protocols.datacolumn",
  "pk": 8130,
  "fields": {
    "result": 17130,
    "data": "{\"title\": \"Column 9\", \"Data\": [34, 25, 56, 67, 7, 71, 19, 38, 21, 45]}",
    "is_independent": false,
    "measurement": "Mass",
    "unit": "g"
  }
},
{
  "model": "protocols.datacolumn",
  "pk": 8131,
  "fields": {
    "result": 17140,
    "data": "{\"title\": \"Column 0\", \"Data\": [57, 93, 34, 55, 79, 96, 50, 35, 73, 91]}",
    "is_independent": true,
    "measurement": "Mass",
    "unit": "kg"
  }
},
{
  "model": "protocols.datacolumn",
  "pk": 8132,
  "fields": {
    "result": 17140,
    "data": "{\"title\": \"Column 1\", \"Data\": [27, 37, 42, 0, 40, 77, 16, 28, 74, 96]}",
    "is_independent": true,
    "measurement": "S",
    "unit": "p"
  }
},
{
  "model": "protocols.datacolumn",
  "pk": 8133,
  "fields": {
    "result": 17140,
    "data": "{\"title\": \"Column 2\", \"Data\": [88, 38, 61, 30, 87, 96, 46, 3, 86, 48]}",
    "is_independent": false,
    "measurement": "Volume",
    "unit": "litre"
  }
},
{
  "model": "protocols.datacolumn",
  "pk": 8134,
  "fields": {
    "result": 17140,
    "data": "{\"title\": \"Column 3\", \"Data\": [96, 62, 73, 68, 78, 89, 49, 69, 24, 44]}",
    "is_independent": false,
    "measurement": "S",
    "unit": "p"
  }
},
{
  "model": "protocols.datacolumn",
  "pk": 8135,
  "fields": {
    "result": 17140,
    "data": "{\"title\": \"Column 4\", \"Data\": [57, 54, 29, 83, 2, 69, 25, 68, 79, 81]}",
    "is_independent": true,
    "measurement": "S",
    "unit": "p"
  }
},
{
  "model": "protocols.datacolumn",
  "pk": 8136,
  "fields": {
    "result": 17140,
    "data": "{\"title\": \"Column 5\", \"Data\": [39, 0, 67, 51, 17, 40, 26, 43, 45, 57]}",
    "is_independent": false,
    "measurement": "Volume",
    "unit": "litre"
  }
},
{
  "model": "protocols.datacolumn",
  "pk": 8137,
  "fields": {
    "result": 17140,
    "data": "{\"title\": \"Column 6\", \"Data\": [99, 24, 87, 26, 36, 29, 63, 91, 5, 47]}",
    "is_independent": false,
    "measurement": "Mass",
    "unit": "mg"
  }
},
{
  "model": "protocols.datacolumn",
  "pk": 8138,
  "fields": {
    "result": 17140,
    "data": "{\"title\": \"Column 7\", \"Data\": [27, 4, 86, 34, 22, 13, 7, 90, 63, 75]}",
    "is_independent": false,
    "measurement": "Mass",
    "unit": "kg"
  }
},
{
  "model": "protocols.datacolumn",
  "pk": 8139,
  "fields": {
    "result": 17140,
    "data": "{\"title\": \"Column 8\", \"Data\": [99, 87, 41, 44, 38, 40, 24, 68, 10, 7]}",
    "is_independent": true,
    "measurement": "Mass",
    "unit": "kg"
  }
},
{
  "model": "protocols.datacolumn",
  "pk": 8140,
  "fields": {
    "result": 17140,
    "data": "{\"title\": \"Column 9\", \"Data\": [89, 98, 0, 48, 31, 73, 23, 87, 58, 60]}",
    "is_independent": true,
    "measurement": "Mass",
    "unit": "kg"
  }
},
{
  "model": "protocols.datacolumn",
  "pk": 8141,
  "fields": {
    "result": 17150,
    "data": "{\"title\": \"Column 0\", \"Data\": [27, 98, 78, 99, 29, 75, 74, 36, 57, 26]}",
    "is_independent": false,
    "measurement": "Mass",
    "unit": "kg"
  }
},
{
  "model": "protocols.datacolumn",
  "pk": 8142,
  "fields": {
    "result": 17150,
    "data": "{\"title\": \"Column 1\", \"Data\": [27, 83, 86, 26, 81, 40, 54, 66, 31, 5]}",
    "is_independent": true,
    "measurement": "S",
    "unit": "p"
  }
},
{
  "model": "protocols.datacolumn",
  "pk": 8143,
  "fields": {
    "result": 17150,
    "data": "{\"title\": \"Column 2\", \"Data\": [40, 32, 86, 14, 28, 17, 83, 33, 57, 19]}",
    "is_independent": true,
    "measurement": "S",
    "unit": "p"
  }
},
{
  "model": "protocols.datacolumn",
  "pk": 8144,
  "fields": {
    "result": 17150,
    "data": "{\"title\": \"Column 3\", \"Data\": [71, 72, 19, 91, 50, 64, 65, 77, 76, 94]}",
    "is_independent": true,
    "measurement": "Mass",
    "unit": "g"
  }
},
{
  "model": "protocols.datacolumn",
  "pk": 8145,
  "fields": {
    "result": 17150,
    "data": "{\"title\": \"Column 4\", \"Data\": [34, 74, 38, 25, 43, 13, 4, 72, 12, 27]}",
    "is_independent": false,
    "measurement": "S",
    "unit": "p"
  }
},
{
  "model": "protocols.datacolumn",
  "pk": 8146,
  "fields": {
    "result": 17150,
    "data": "{\"title\": \"Column 5\", \"Data\": [79, 87, 29, 32, 95, 67, 8, 69, 92, 54]}",
    "is_independent": true,
    "measurement": "S",
    "unit": "p"
  }
},
{
  "model": "protocols.datacolumn",
  "pk": 8147,
  "fields": {
    "result": 17150,
    "data": "{\"title\": \"Column 6\", \"Data\": [26, 62, 83, 27, 55, 69, 43, 54, 61, 76]}",
    "is_independent": false,
    "measurement": "Volume",
    "unit": "litre"
  }
},
{
  "model": "protocols.datacolumn",
  "pk": 8148,
  "fields": {
    "result": 17150,
    "data": "{\"title\": \"Column 7\", \"Data\": [18, 14, 53, 84, 69, 43, 3, 67, 90, 75]}",
    "is_independent": true,
    "measurement": "Volume",
    "unit": "litre"
  }
},
{
  "model": "protocols.datacolumn",
  "pk": 8149,
  "fields": {
    "result": 17150,
    "data": "{\"title\": \"Column 8\", \"Data\": [12, 51, 38, 73, 56, 83, 93, 17, 64, 19]}",
    "is_independent": true,
    "measurement": "Mass",
    "unit": "g"
  }
},
{
  "model": "protocols.datacolumn",
  "pk": 8150,
  "fields": {
    "result": 17150,
    "data": "{\"title\": \"Column 9\", \"Data\": [62, 36, 44, 94, 74, 56, 10, 13, 47, 3]}",
    "is_independent": true,
    "measurement": "S",
    "unit": "p"
  }
},
{
  "model": "protocols.datacolumn",
  "pk": 8151,
  "fields": {
    "result": 17160,
    "data": "{\"title\": \"Column 0\", \"Data\": [92, 9, 6, 16, 98, 75, 44, 17, 81, 79]}",
    "is_independent": false,
    "measurement": "Mass",
    "unit": "g"
  }
},
{
  "model": "protocols.datacolumn",
  "pk": 8152,
  "fields": {
    "result": 17160,
    "data": "{\"title\": \"Column 1\", \"Data\": [47, 14, 17, 78, 53, 75, 41, 57, 50, 58]}",
    "is_independent": true,
    "measurement": "Mass",
    "unit": "kg"
  }
},
{
  "model": "protocols.datacolumn",
  "pk": 8153,
  "fields": {
    "result": 17160,
    "data": "{\"title\": \"Column 2\", \"Data\": [72, 67, 47, 77, 24, 31, 7, 90, 17, 95]}",
    "is_independent": true,
    "measurement": "Mass",
    "unit": "g"
  }
},
{
  "model": "protocols.datacolumn",
  "pk": 8154,
  "fields": {
    "result": 17160,
    "data": "{\"title\": \"Column 3\", \"Data\": [83, 51, 29, 8, 99, 55, 25, 5, 62, 92]}",
    "is_independent": false,
    "measurement": "Volume",
    "unit": "litre"
  }
},
{
  "model": "protocols.datacolumn",
  "pk": 8155,
  "fields": {
    "result": 17160,
    "data": "{\"title\": \"Column 4\", \"Data\": [97, 2, 71, 29, 76, 59, 90, 56, 92, 66]}",
    "is_independent": false,
    "measurement": "Volume",
    "unit": "litre"
  }
},
{
  "model": "protocols.datacolumn",
  "pk": 8156,
  "fields": {
    "result": 17160,
    "data": "{\"title\": \"Column 5\", \"Data\": [2, 33, 44, 16, 32, 86, 53, 37, 25, 97]}",
    "is_independent": false,
    "measurement": "S",
    "unit": "p"
  }
},
{
  "model": "protocols.datacolumn",
  "pk": 8157,
  "fields": {
    "result": 17160,
    "data": "{\"title\": \"Column 6\", \"Data\": [29, 44, 47, 15, 66, 28, 31, 50, 46, 40]}",
    "is_independent": true,
    "measurement": "Mass",
    "unit": "kg"
  }
},
{
  "model": "protocols.datacolumn",
  "pk": 8158,
  "fields": {
    "result": 17160,
    "data": "{\"title\": \"Column 7\", \"Data\": [16, 43, 42, 74, 32, 62, 5, 82, 94, 93]}",
    "is_independent": false,
    "measurement": "Mass",
    "unit": "mg"
  }
},
{
  "model": "protocols.datacolumn",
  "pk": 8159,
  "fields": {
    "result": 17160,
    "data": "{\"title\": \"Column 8\", \"Data\": [26, 73, 93, 72, 69, 97, 54, 84, 49, 16]}",
    "is_independent": false,
    "measurement": "S",
    "unit": "p"
  }
},
{
  "model": "protocols.datacolumn",
  "pk": 8160,
  "fields": {
    "result": 17160,
    "data": "{\"title\": \"Column 9\", \"Data\": [94, 98, 51, 4, 91, 16, 59, 22, 7, 66]}",
    "is_independent": true,
    "measurement": "S",
    "unit": "p"
  }
},
{
  "model": "protocols.datacolumn",
  "pk": 8161,
  "fields": {
    "result": 17170,
    "data": "{\"title\": \"Column 0\", \"Data\": [63, 46, 44, 50, 75, 7, 78, 62, 73, 66]}",
    "is_independent": true,
    "measurement": "Volume",
    "unit": "litre"
  }
},
{
  "model": "protocols.datacolumn",
  "pk": 8162,
  "fields": {
    "result": 17170,
    "data": "{\"title\": \"Column 1\", \"Data\": [95, 48, 80, 16, 12, 13, 57, 71, 6, 73]}",
    "is_independent": true,
    "measurement": "S",
    "unit": "p"
  }
},
{
  "model": "protocols.datacolumn",
  "pk": 8163,
  "fields": {
    "result": 17170,
    "data": "{\"title\": \"Column 2\", \"Data\": [72, 87, 45, 75, 19, 52, 74, 34, 22, 33]}",
    "is_independent": false,
    "measurement": "Volume",
    "unit": "litre"
  }
},
{
  "model": "protocols.datacolumn",
  "pk": 8164,
  "fields": {
    "result": 17170,
    "data": "{\"title\": \"Column 3\", \"Data\": [41, 43, 82, 87, 65, 26, 1, 24, 97, 25]}",
    "is_independent": true,
    "measurement": "Mass",
    "unit": "g"
  }
},
{
  "model": "protocols.datacolumn",
  "pk": 8165,
  "fields": {
    "result": 17170,
    "data": "{\"title\": \"Column 4\", \"Data\": [73, 57, 99, 85, 93, 25, 95, 32, 34, 82]}",
    "is_independent": true,
    "measurement": "Volume",
    "unit": "litre"
  }
},
{
  "model": "protocols.datacolumn",
  "pk": 8166,
  "fields": {
    "result": 17170,
    "data": "{\"title\": \"Column 5\", \"Data\": [26, 30, 83, 24, 73, 56, 77, 13, 60, 28]}",
    "is_independent": false,
    "measurement": "Mass",
    "unit": "mg"
  }
},
{
  "model": "protocols.datacolumn",
  "pk": 8167,
  "fields": {
    "result": 17170,
    "data": "{\"title\": \"Column 6\", \"Data\": [74, 0, 72, 45, 9, 78, 38, 50, 32, 95]}",
    "is_independent": false,
    "measurement": "Mass",
    "unit": "kg"
  }
},
{
  "model": "protocols.datacolumn",
  "pk": 8168,
  "fields": {
    "result": 17170,
    "data": "{\"title\": \"Column 7\", \"Data\": [8, 34, 92, 25, 70, 2, 15, 85, 79, 0]}",
    "is_independent": false,
    "measurement": "Mass",
    "unit": "kg"
  }
},
{
  "model": "protocols.datacolumn",
  "pk": 8169,
  "fields": {
    "result": 17170,
    "data": "{\"title\": \"Column 8\", \"Data\": [84, 79, 21, 95, 48, 63, 91, 31, 66, 1]}",
    "is_independent": true,
    "measurement": "Mass",
    "unit": "mg"
  }
},
{
  "model": "protocols.datacolumn",
  "pk": 8170,
  "fields": {
    "result": 17170,
    "data": "{\"title\": \"Column 9\", \"Data\": [31, 66, 32, 58, 60, 6, 76, 71, 44, 99]}",
    "is_independent": false,
    "measurement": "Mass",
    "unit": "mg"
  }
},
{
  "model": "protocols.datacolumn",
  "pk": 8171,
  "fields": {
    "result": 17180,
    "data": "{\"title\": \"Column 0\", \"Data\": [39, 25, 43, 92, 10, 29, 12, 38, 11, 95]}",
    "is_independent": true,
    "measurement": "Mass",
    "unit": "kg"
  }
},
{
  "model": "protocols.datacolumn",
  "pk": 8172,
  "fields": {
    "result": 17180,
    "data": "{\"title\": \"Column 1\", \"Data\": [24, 63, 8, 43, 79, 38, 65, 45, 22, 12]}",
    "is_independent": true,
    "measurement": "Mass",
    "unit": "g"
  }
},
{
  "model": "protocols.datacolumn",
  "pk": 8173,
  "fields": {
    "result": 17180,
    "data": "{\"title\": \"Column 2\", \"Data\": [17, 77, 52, 64, 4, 11, 51, 32, 75, 60]}",
    "is_independent": true,
    "measurement": "S",
    "unit": "p"
  }
},
{
  "model": "protocols.datacolumn",
  "pk": 8174,
  "fields": {
    "result": 17180,
    "data": "{\"title\": \"Column 3\", \"Data\": [53, 59, 11, 1, 88, 42, 73, 13, 44, 65]}",
    "is_independent": true,
    "measurement": "S",
    "unit": "p"
  }
},
{
  "model": "protocols.datacolumn",
  "pk": 8175,
  "fields": {
    "result": 17180,
    "data": "{\"title\": \"Column 4\", \"Data\": [63, 60, 38, 89, 92, 39, 83, 5, 12, 24]}",
    "is_independent": true,
    "measurement": "Volume",
    "unit": "litre"
  }
},
{
  "model": "protocols.datacolumn",
  "pk": 8176,
  "fields": {
    "result": 17180,
    "data": "{\"title\": \"Column 5\", \"Data\": [23, 40, 92, 66, 1, 91, 31, 5, 46, 4]}",
    "is_independent": false,
    "measurement": "S",
    "unit": "p"
  }
},
{
  "model": "protocols.datacolumn",
  "pk": 8177,
  "fields": {
    "result": 17180,
    "data": "{\"title\": \"Column 6\", \"Data\": [90, 91, 65, 97, 89, 43, 74, 31, 61, 18]}",
    "is_independent": true,
    "measurement": "Mass",
    "unit": "g"
  }
},
{
  "model": "protocols.datacolumn",
  "pk": 8178,
  "fields": {
    "result": 17180,
    "data": "{\"title\": \"Column 7\", \"Data\": [0, 94, 19, 60, 99, 3, 85, 20, 71, 49]}",
    "is_independent": true,
    "measurement": "Volume",
    "unit": "litre"
  }
},
{
  "model": "protocols.datacolumn",
  "pk": 8179,
  "fields": {
    "result": 17180,
    "data": "{\"title\": \"Column 8\", \"Data\": [20, 10, 70, 29, 19, 64, 3, 14, 89, 62]}",
    "is_independent": false,
    "measurement": "S",
    "unit": "p"
  }
},
{
  "model": "protocols.datacolumn",
  "pk": 8180,
  "fields": {
    "result": 17180,
    "data": "{\"title\": \"Column 9\", \"Data\": [55, 36, 71, 81, 26, 62, 13, 37, 9, 95]}",
    "is_independent": false,
    "measurement": "Mass",
    "unit": "g"
  }
},
{
  "model": "protocols.datacolumn",
  "pk": 8181,
  "fields": {
    "result": 17190,
    "data": "{\"title\": \"Column 0\", \"Data\": [8, 47, 28, 62, 63, 98, 11, 10, 70, 93]}",
    "is_independent": true,
    "measurement": "Volume",
    "unit": "litre"
  }
},
{
  "model": "protocols.datacolumn",
  "pk": 8182,
  "fields": {
    "result": 17190,
    "data": "{\"title\": \"Column 1\", \"Data\": [6, 3, 14, 92, 85, 33, 87, 20, 28, 32]}",
    "is_independent": true,
    "measurement": "Mass",
    "unit": "mg"
  }
},
{
  "model": "protocols.datacolumn",
  "pk": 8183,
  "fields": {
    "result": 17190,
    "data": "{\"title\": \"Column 2\", \"Data\": [99, 35, 20, 77, 38, 39, 14, 88, 11, 49]}",
    "is_independent": true,
    "measurement": "Mass",
    "unit": "kg"
  }
},
{
  "model": "protocols.datacolumn",
  "pk": 8184,
  "fields": {
    "result": 17190,
    "data": "{\"title\": \"Column 3\", \"Data\": [30, 75, 21, 5, 72, 13, 98, 28, 57, 61]}",
    "is_independent": false,
    "measurement": "S",
    "unit": "p"
  }
},
{
  "model": "protocols.datacolumn",
  "pk": 8185,
  "fields": {
    "result": 17190,
    "data": "{\"title\": \"Column 4\", \"Data\": [19, 53, 98, 20, 52, 83, 0, 87, 62, 23]}",
    "is_independent": false,
    "measurement": "S",
    "unit": "p"
  }
},
{
  "model": "protocols.datacolumn",
  "pk": 8186,
  "fields": {
    "result": 17190,
    "data": "{\"title\": \"Column 5\", \"Data\": [59, 52, 92, 14, 62, 65, 44, 97, 18, 27]}",
    "is_independent": true,
    "measurement": "S",
    "unit": "p"
  }
},
{
  "model": "protocols.datacolumn",
  "pk": 8187,
  "fields": {
    "result": 17190,
    "data": "{\"title\": \"Column 6\", \"Data\": [20, 56, 50, 76, 75, 77, 81, 35, 55, 71]}",
    "is_independent": true,
    "measurement": "S",
    "unit": "p"
  }
},
{
  "model": "protocols.datacolumn",
  "pk": 8188,
  "fields": {
    "result": 17190,
    "data": "{\"title\": \"Column 7\", \"Data\": [45, 62, 71, 14, 35, 50, 69, 68, 28, 3]}",
    "is_independent": true,
    "measurement": "Mass",
    "unit": "mg"
  }
},
{
  "model": "protocols.datacolumn",
  "pk": 8189,
  "fields": {
    "result": 17190,
    "data": "{\"title\": \"Column 8\", \"Data\": [23, 32, 55, 95, 17, 52, 98, 96, 72, 93]}",
    "is_independent": true,
    "measurement": "Mass",
    "unit": "kg"
  }
},
{
  "model": "protocols.datacolumn",
  "pk": 8190,
  "fields": {
    "result": 17190,
    "data": "{\"title\": \"Column 9\", \"Data\": [60, 49, 15, 6, 66, 9, 85, 43, 58, 86]}",
    "is_independent": false,
    "measurement": "Mass",
    "unit": "kg"
  }
},
{
  "model": "protocols.datacolumn",
  "pk": 8191,
  "fields": {
    "result": 17200,
    "data": "{\"title\": \"Column 0\", \"Data\": [54, 31, 19, 65, 73, 7, 66, 97, 95, 99]}",
    "is_independent": false,
    "measurement": "Volume",
    "unit": "litre"
  }
},
{
  "model": "protocols.datacolumn",
  "pk": 8192,
  "fields": {
    "result": 17200,
    "data": "{\"title\": \"Column 1\", \"Data\": [15, 69, 22, 63, 72, 90, 7, 84, 93, 0]}",
    "is_independent": true,
    "measurement": "Mass",
    "unit": "mg"
  }
},
{
  "model": "protocols.datacolumn",
  "pk": 8193,
  "fields": {
    "result": 17200,
    "data": "{\"title\": \"Column 2\", \"Data\": [33, 61, 29, 30, 20, 13, 7, 92, 12, 94]}",
    "is_independent": false,
    "measurement": "Volume",
    "unit": "litre"
  }
},
{
  "model": "protocols.datacolumn",
  "pk": 8194,
  "fields": {
    "result": 17200,
    "data": "{\"title\": \"Column 3\", \"Data\": [66, 73, 46, 96, 65, 25, 27, 29, 17, 8]}",
    "is_independent": false,
    "measurement": "S",
    "unit": "p"
  }
},
{
  "model": "protocols.datacolumn",
  "pk": 8195,
  "fields": {
    "result": 17200,
    "data": "{\"title\": \"Column 4\", \"Data\": [22, 69, 41, 64, 74, 50, 33, 1, 83, 86]}",
    "is_independent": true,
    "measurement": "S",
    "unit": "p"
  }
},
{
  "model": "protocols.datacolumn",
  "pk": 8196,
  "fields": {
    "result": 17200,
    "data": "{\"title\": \"Column 5\", \"Data\": [67, 72, 51, 18, 62, 58, 22, 66, 28, 44]}",
    "is_independent": true,
    "measurement": "Mass",
    "unit": "mg"
  }
},
{
  "model": "protocols.datacolumn",
  "pk": 8197,
  "fields": {
    "result": 17200,
    "data": "{\"title\": \"Column 6\", \"Data\": [0, 21, 39, 14, 51, 69, 81, 26, 54, 98]}",
    "is_independent": false,
    "measurement": "S",
    "unit": "p"
  }
},
{
  "model": "protocols.datacolumn",
  "pk": 8198,
  "fields": {
    "result": 17200,
    "data": "{\"title\": \"Column 7\", \"Data\": [15, 53, 93, 48, 59, 9, 49, 85, 46, 99]}",
    "is_independent": false,
    "measurement": "Mass",
    "unit": "g"
  }
},
{
  "model": "protocols.datacolumn",
  "pk": 8199,
  "fields": {
    "result": 17200,
    "data": "{\"title\": \"Column 8\", \"Data\": [32, 57, 44, 21, 13, 99, 14, 6, 88, 62]}",
    "is_independent": true,
    "measurement": "Volume",
    "unit": "litre"
  }
},
{
  "model": "protocols.datacolumn",
  "pk": 8200,
  "fields": {
    "result": 17200,
    "data": "{\"title\": \"Column 9\", \"Data\": [16, 96, 23, 44, 75, 92, 51, 87, 13, 20]}",
    "is_independent": false,
    "measurement": "S",
    "unit": "p"
  }
}
]
